{
    "payload_apogee": 95.52254250659058,
    "payload_final_mass": 0.009999999999999856,
    "payload_final_x_position": 29.30497993148401,
    "payload_final_y_position": 0.0,
    "payload_horizontal_distance": 29.30497993148401,
    "payload_landing_velocity": 3.758125084644296,
    "payload_time_of_apogee": 4.389999999999951,
    "payload_total_flight_time": 30.040000000001896
}
